{"cameraMode":{"drawMode":0,"name":"Shaded","section":"Shading Mode"},"sceneLighting":true,"audioPlay":false,"sceneViewState":{"showFog":true,"showMaterialUpdate":false,"showSkybox":true,"showFlares":true,"showImageEffects":true,"showParticleSystems":true},"in2DMode":false,"pivot":{"x":-16.26641845703125,"y":8.7880859375,"z":-45.388671875},"rotation":{"x":0.42220136523246767,"y":-0.009517988190054894,"z":0.004433313384652138,"w":0.9064410924911499},"size":19.772022247314454,"orthographic":true}